{"CON": {"min_": [0.0], "scale_": [0.002205254047379447], "data_min_": [0.0], "data_max_": [453.4624938964844], "data_range_": [453.4624938964844], "n_features_in_": 1, "n_samples_seen_": 55277640}, "HGT_M": {"min_": [0.06542570351674301], "scale_": [0.0001379817379855985], "data_min_": [-474.16204833984375], "data_max_": [6773.173828125], "data_range_": [7247.335876464844], "n_features_in_": 1, "n_samples_seen_": 55277640}, "OA1": {"min_": [0.5142974821175332], "scale_": [0.5142974821175332], "data_min_": [-1.0], "data_max_": [0.9443999528884888], "data_range_": [1.9443999528884888], "n_features_in_": 1, "n_samples_seen_": 55277640}, "OA2": {"min_": [0.5240197673815715], "scale_": [0.5240197673815715], "data_min_": [-1.0], "data_max_": [0.9083249568939209], "data_range_": [1.908324956893921], "n_features_in_": 1, "n_samples_seen_": 55277640}, "OA3": {"min_": [0.5633802892574833], "scale_": [0.5633802892574833], "data_min_": [-1.0], "data_max_": [0.7749999761581421], "data_range_": [1.774999976158142], "n_features_in_": 1, "n_samples_seen_": 55277640}, "OA4": {"min_": [0.5506586993758974], "scale_": [0.5599966407977385], "data_min_": [-0.9833250045776367], "data_max_": [0.8023999929428101], "data_range_": [1.7857249975204468], "n_features_in_": 1, "n_samples_seen_": 55277640}, "SNOALB": {"min_": [0.0], "scale_": [0.011904761904761904], "data_min_": [0.0], "data_max_": [84.0], "data_range_": [84.0], "n_features_in_": 1, "n_samples_seen_": 55277640}, "SOILTEMP": {"min_": [0.0], "scale_": [0.0032774095981852624], "data_min_": [0.0], "data_max_": [305.1190185546875], "data_range_": [305.1190185546875], "n_features_in_": 1, "n_samples_seen_": 55277640}, "VAR_SSO": {"min_": [0.0], "scale_": [5.978446355737138e-07], "data_min_": [0.0], "data_max_": [1672675.375], "data_range_": [1672675.375], "n_features_in_": 1, "n_samples_seen_": 55277640}, "VAR": {"min_": [0.0], "scale_": [0.0009687951461849433], "data_min_": [0.0], "data_max_": [1032.2099609375], "data_range_": [1032.2099609375], "n_features_in_": 1, "n_samples_seen_": 55277640}}